member_id,first_name,last_name,email,phone
1,Sibella,Djurisic,sdjurisic0@mit.edu,726-187-2936
2,Niles,Durkin,ndurkin1@europa.eu,146-585-0757
3,Myrwyn,Briers,mbriers2@princeton.edu,716-883-0097
4,Romy,Arrol,rarrol3@redcross.org,546-849-8997
5,Phip,Gueinn,pgueinn4@tinypic.com,751-813-5722
6,Royal,Haversham,rhaversham5@who.int,463-447-3896
7,Opal,Dane,odane6@rambler.ru,675-661-6060
8,Agosto,Ravens,aravens7@scribd.com,174-709-8917
9,Tilly,Scamwell,tscamwell8@slashdot.org,634-785-9632
10,Karoly,Seamons,kseamons9@4shared.com,132-426-1735
11,Marcelia,Keetley,mkeetleya@g.co,350-852-5454
12,Wainwright,Pelman,wpelmanb@timesonline.co.uk,322-155-8545
13,Brigida,Bloss,bblossc@weibo.com,650-873-7064
14,Temp,Hovenden,thovendend@miitbeian.gov.cn,815-288-4718
15,Thorstein,Greenin,tgreenine@360.cn,499-289-0458
16,Allianora,Kubica,akubicaf@berkeley.edu,834-465-5061
17,Auria,Holliar,aholliarg@google.cn,268-454-6387
18,Jard,Gorvette,jgorvetteh@de.vu,161-281-2396
19,Boonie,Janas,bjanasi@desdev.cn,815-814-2367
20,Ferguson,Keeri,fkeerij@hao123.com,991-752-8931
21,Jena,MacLure,jmaclurek@google.com.hk,349-750-1096
22,Lind,Petyankin,lpetyankinl@mozilla.org,622-460-5845
23,Artemas,Coggeshall,acoggeshallm@vk.com,580-168-7261
24,Crysta,Pratten,cprattenn@studiopress.com,557-842-2653
25,Kaja,Andri,kandrio@mail.ru,573-299-2351
26,Aggie,Gilmore,agilmorep@dagondesign.com,862-510-8279
27,Lonna,Bosworth,lbosworthq@pagesperso-orange.fr,371-851-2472
28,Remy,Windous,rwindousr@sohu.com,357-645-0598
29,Patten,Allwell,pallwells@topsy.com,183-103-6525
30,Dody,Sickamore,dsickamoret@kickstarter.com,948-234-0551
31,Christie,Pieter,cpieteru@earthlink.net,407-879-5176
32,Neron,Windsor,nwindsorv@utexas.edu,332-544-2911
33,Lorettalorna,Seabrook,lseabrookw@bigcartel.com,873-707-9027
34,Rem,Sitlington,rsitlingtonx@un.org,128-603-0508
35,Ozzie,Mandell,omandelly@tumblr.com,193-373-8929
36,Brew,Harvett,bharvettz@wikipedia.org,931-814-1297
37,Griffy,Favill,gfavill10@bluehost.com,480-819-1678
38,Bernice,Metzing,bmetzing11@businessinsider.com,153-684-7629
39,Binny,Francesc,bfrancesc12@skyrock.com,220-325-1030
40,Marcellus,Longridge,mlongridge13@4shared.com,762-622-7380
41,Dione,Naisbet,dnaisbet14@yelp.com,320-296-8375
42,Michele,Beach,mbeach15@behance.net,409-803-8840
43,Enrico,Scutching,escutching16@skype.com,773-169-3278
44,Debi,Elener,delener17@e-recht24.de,921-290-4098
45,Row,Yakovl,ryakovl18@va.gov,304-383-9722
46,Noby,Tenny,ntenny19@pbs.org,593-645-5848
47,Leone,Kirmond,lkirmond1a@latimes.com,251-154-2358
48,Keir,Lindenbaum,klindenbaum1b@addthis.com,193-309-3438
49,Corny,Origan,corigan1c@canalblog.com,984-913-0847
50,Elroy,Dashkov,edashkov1d@businessinsider.com,410-222-8584
51,Daisi,Palke,dpalke1e@istockphoto.com,614-893-9381
52,Colline,Negri,cnegri1f@hugedomains.com,239-990-6261
53,Feliks,Pizzie,fpizzie1g@t-online.de,999-166-5333
54,Keefe,Pavlenkov,kpavlenkov1h@dyndns.org,373-449-9066
55,Peggi,Rodmell,prodmell1i@nydailynews.com,546-713-0313
56,Aksel,Bickerstaffe,abickerstaffe1j@usda.gov,931-186-0571
57,Viki,Ealden,vealden1k@usnews.com,489-882-5225
58,Banky,Henden,bhenden1l@tripod.com,888-428-5593
59,Nannie,Trengrouse,ntrengrouse1m@cnbc.com,135-968-9380
60,Fredric,McGillivray,fmcgillivray1n@dagondesign.com,218-987-2640
61,Lyndel,Hanrahan,lhanrahan1o@wordpress.org,352-534-4636
62,Nana,Duthie,nduthie1p@hhs.gov,609-385-1252
63,Berkeley,Leer,bleer1q@amazon.com,620-793-4447
64,Donia,Kirton,dkirton1r@vk.com,296-388-0460
65,Gussi,Paladini,gpaladini1s@addthis.com,515-550-1072
66,Petronia,Lutz,plutz1t@163.com,999-770-9235
67,Jocelin,Dank,jdank1u@bloglovin.com,332-486-7369
68,Grannie,Scudder,gscudder1v@icq.com,362-661-5831
69,Vaclav,Erdely,verdely1w@cbc.ca,333-487-8894
70,Yoshiko,Squibb,ysquibb1x@google.cn,578-850-3673
71,Redd,Tutton,rtutton1y@hostgator.com,704-823-9392
72,Julietta,Barthelme,jbarthelme1z@google.ru,223-904-4152
73,Werner,Izhak,wizhak20@bing.com,890-360-8003
74,Bebe,Varnes,bvarnes21@ucla.edu,845-706-6061
75,Ilse,Cartledge,icartledge22@unblog.fr,243-341-8359
76,Belicia,Labadini,blabadini23@com.com,459-373-4309
77,Perle,Branthwaite,pbranthwaite24@hexun.com,534-100-5533
78,Cloe,Thicking,cthicking25@quantcast.com,329-284-4133
79,Zelma,Meiner,zmeiner26@free.fr,518-640-3864
80,Nahum,Valois,nvalois27@blogs.com,873-103-5456
81,Vincenty,Justis,vjustis28@chron.com,869-134-9179
82,Lazare,Choat,lchoat29@liveinternet.ru,495-972-5663
83,Gayelord,Kilgrove,gkilgrove2a@amazon.co.jp,674-887-9086
84,Anabelle,Ades,aades2b@clickbank.net,351-933-4517
85,Marlie,Castan,mcastan2c@si.edu,617-680-1268
86,Lanny,Hawe,lhawe2d@fema.gov,145-600-7536
87,Diandra,Clendennen,dclendennen2e@ning.com,561-998-5913
88,Easter,Moakler,emoakler2f@bbb.org,768-146-5796
89,Clyve,Applin,capplin2g@comcast.net,940-109-4672
90,Moshe,Bousfield,mbousfield2h@nationalgeographic.com,214-982-5527
91,Keith,Newlove,knewlove2i@etsy.com,832-467-4477
92,Jasmin,Privett,jprivett2j@symantec.com,229-163-1593
93,Minette,Woodcroft,mwoodcroft2k@linkedin.com,999-540-4812
94,Delaney,Delleschi,ddelleschi2l@whitehouse.gov,425-549-4841
95,Terri,Alejo,talejo2m@ycombinator.com,683-671-1148
96,Rodie,Leithgoe,rleithgoe2n@blinklist.com,368-664-2472
97,Timofei,Udell,tudell2o@desdev.cn,244-552-2573
98,Avictor,Safe,asafe2p@about.com,999-424-6643
99,Kally,Geertje,kgeertje2q@edublogs.org,706-855-3063
100,Travus,Dhillon,tdhillon2r@uiuc.edu,131-810-4680
101,Fax,Crus,fcrus2s@kickstarter.com,149-200-6953
102,Dolly,Pulver,dpulver2t@time.com,829-807-1312
103,Ardath,Domenichini,adomenichini2u@youtu.be,573-160-8446
104,Bertrand,Carbry,bcarbry2v@imgur.com,173-586-6296
105,Holt,Doyle,hdoyle2w@msn.com,903-521-6427
106,Kipp,Bantham,kbantham2x@webeden.co.uk,282-193-9493
107,Tuesday,Marconi,tmarconi2y@hhs.gov,266-541-1639
108,Geraldine,Billyard,gbillyard2z@netvibes.com,849-434-1853
109,Currie,Blakelock,cblakelock30@wired.com,506-186-6271
110,Kassia,Izhak,kizhak31@a8.net,816-413-6415
111,Raychel,Pawden,rpawden32@surveymonkey.com,297-114-9938
112,Zora,Prinett,zprinett33@cpanel.net,103-674-6792
113,Nikkie,Minot,nminot34@prlog.org,532-706-6933
114,Aggie,Perritt,aperritt35@goo.ne.jp,796-663-9348
115,Reynolds,Letchmore,rletchmore36@vistaprint.com,710-232-8729
116,Gayler,Petriello,gpetriello37@gov.uk,603-921-1842
117,Genna,Falkinder,gfalkinder38@tripod.com,674-803-4045
118,Glynnis,Feander,gfeander39@imdb.com,186-918-7552
119,Bobbye,Thumim,bthumim3a@google.ca,505-319-6543
120,Tatiana,Bare,tbare3b@marketwatch.com,613-982-0724
121,Harriott,Dorrance,hdorrance3c@yellowpages.com,860-635-9879
122,Audre,Grimditch,agrimditch3d@ow.ly,421-700-1659
123,Todd,Ruthen,truthen3e@soundcloud.com,718-586-7793
124,Fabio,Meadus,fmeadus3f@dailymotion.com,111-962-5891
125,Mike,Wloch,mwloch3g@deviantart.com,772-112-5895
126,Adriena,Torr,atorr3h@walmart.com,709-102-2483
127,Sandy,Garstang,sgarstang3i@github.com,149-280-3676
128,Milzie,MacKall,mmackall3j@squidoo.com,793-686-7163
129,Wilek,Wagg,wwagg3k@thetimes.co.uk,204-804-9917
130,Danita,Von Salzberg,dvonsalzberg3l@disqus.com,225-239-3014
131,Norean,Baford,nbaford3m@desdev.cn,974-912-1433
132,Culley,Proudlove,cproudlove3n@oaic.gov.au,133-174-7667
133,Rock,Girvan,rgirvan3o@drupal.org,319-739-5924
134,Mick,Bredgeland,mbredgeland3p@multiply.com,231-312-7421
135,Frants,Harmson,fharmson3q@toplist.cz,594-152-7797
136,Ange,Gowling,agowling3r@washingtonpost.com,951-319-6436
137,Eolanda,Balf,ebalf3s@usgs.gov,742-286-1616
138,Stesha,Thursfield,sthursfield3t@msu.edu,682-719-4982
139,Matthias,Toffanini,mtoffanini3u@purevolume.com,783-894-9202
140,Kathye,Buckle,kbuckle3v@patch.com,992-309-2703
141,Jaquenette,Ivashinnikov,jivashinnikov3w@deviantart.com,262-896-3124
142,Torey,Frankcomb,tfrankcomb3x@wikispaces.com,931-472-8357
143,Arman,Brann,abrann3y@wisc.edu,615-770-7547
144,Amil,Axe,aaxe3z@4shared.com,604-412-2170
145,Brien,Shah,bshah40@infoseek.co.jp,479-303-8137
146,Neal,Fitzpatrick,nfitzpatrick41@oracle.com,693-487-3405
147,Audi,Eliasen,aeliasen42@ucla.edu,213-181-5350
148,Zechariah,Peschka,zpeschka43@hostgator.com,461-755-0463
149,Corri,Cestard,ccestard44@google.nl,385-804-5949
150,Marlin,Guillot,mguillot45@army.mil,845-541-1639
151,See,Toppes,stoppes46@upenn.edu,756-380-0598
152,Shaw,Fedynski,sfedynski47@goo.gl,802-728-5064
153,Scarlett,Thumim,sthumim48@gravatar.com,913-661-1915
154,Elaina,Cess,ecess49@marriott.com,696-186-9644
155,Ranique,Doget,rdoget4a@instagram.com,297-864-6568
156,Niki,Simonite,nsimonite4b@army.mil,340-706-1439
157,Verna,Heindrick,vheindrick4c@phpbb.com,182-207-8083
158,Fallon,Dollman,fdollman4d@hibu.com,458-132-7698
159,Aguie,Josland,ajosland4e@reuters.com,866-218-6346
160,Davin,Deverall,ddeverall4f@cornell.edu,158-258-5289
161,Humfried,Cansfield,hcansfield4g@prweb.com,739-238-4876
162,Jecho,Willcox,jwillcox4h@seesaa.net,584-296-4625
163,Cherilyn,Davenell,cdavenell4i@nhs.uk,242-141-7243
164,Reina,Strickland,rstrickland4j@un.org,303-385-2458
165,Nana,Mouat,nmouat4k@wsj.com,687-959-8710
166,Sigfrid,Thickett,sthickett4l@disqus.com,734-440-7708
167,Catharina,Bloomer,cbloomer4m@shutterfly.com,512-869-3355
168,Padgett,Vagges,pvagges4n@chicagotribune.com,125-827-8160
169,Joshuah,Mattocks,jmattocks4o@ucla.edu,969-506-4654
170,Gualterio,Vannar,gvannar4p@twitter.com,465-122-6001
171,Lian,MacHarg,lmacharg4q@telegraph.co.uk,814-329-4625
172,Robenia,Loughan,rloughan4r@house.gov,186-345-2076
173,Iver,Iaduccelli,iiaduccelli4s@sohu.com,658-166-8566
174,Linette,Aspinell,laspinell4t@photobucket.com,183-966-8222
175,Erich,Duckwith,educkwith4u@uol.com.br,369-572-7866
176,Sean,Shutle,sshutle4v@huffingtonpost.com,197-579-9802
177,Nap,Elsie,nelsie4w@clickbank.net,854-123-8194
178,Faye,Wethers,fwethers4x@nbcnews.com,883-591-3980
179,Chlo,Ghidoni,cghidoni4y@youku.com,958-541-7660
180,Bendick,Gehring,bgehring4z@opera.com,581-619-3909
181,Jedd,Marchington,jmarchington50@linkedin.com,956-567-1302
182,Ardith,Jaspar,ajaspar51@nationalgeographic.com,667-426-7769
183,Devon,Knee,dknee52@ibm.com,661-977-0008
184,Danya,Huitt,dhuitt53@phpbb.com,747-568-9006
185,Alverta,Lawtie,alawtie54@usatoday.com,318-596-9722
186,Amandi,Northway,anorthway55@xing.com,958-116-4202
187,Enid,Kisting,ekisting56@ftc.gov,297-109-7207
188,Lauren,Stollman,lstollman57@free.fr,633-944-0331
189,Anabel,Juza,ajuza58@mozilla.com,295-236-1528
190,Dee dee,Shovel,dshovel59@house.gov,212-759-2004
191,Ilyse,Moule,imoule5a@oracle.com,410-915-8329
192,Wilie,Jordanson,wjordanson5b@omniture.com,115-557-3275
193,Lula,Ilem,lilem5c@bandcamp.com,292-666-6277
194,Rochell,Wardhough,rwardhough5d@washingtonpost.com,889-957-4477
195,Rob,Odeson,rodeson5e@economist.com,254-793-7305
196,Rowen,Zoephel,rzoephel5f@admin.ch,328-674-4678
197,Nelly,Ohanessian,nohanessian5g@dot.gov,449-319-5233
198,Darren,Corbin,dcorbin5h@google.com.au,851-969-7492
199,Shirline,Wolfindale,swolfindale5i@unesco.org,946-974-0806
200,Tyrone,Lochead,tlochead5j@princeton.edu,651-844-0314
201,Rosemary,Durman,rdurman5k@feedburner.com,162-780-2890
202,Lazar,Denne,ldenne5l@list-manage.com,744-179-2020
203,Quintana,Covendon,qcovendon5m@cargocollective.com,821-940-4996
204,Nessy,Durban,ndurban5n@ustream.tv,451-713-4050
205,Odella,MacGilmartin,omacgilmartin5o@ow.ly,631-274-8432
206,Deva,Rozsa,drozsa5p@wufoo.com,194-921-7056
207,Willie,Pittock,wpittock5q@netlog.com,973-265-3572
208,Welbie,Newby,wnewby5r@auda.org.au,706-988-5554
209,Alisun,Nudds,anudds5s@skyrock.com,800-934-8067
210,Ricky,Zorro,rzorro5t@marriott.com,767-216-0505
211,Christiana,Jendrassik,cjendrassik5u@statcounter.com,747-883-1340
212,Gabrielle,Dennidge,gdennidge5v@microsoft.com,626-572-3055
213,Evey,Snowball,esnowball5w@bbc.co.uk,415-361-9578
214,Tine,Nugent,tnugent5x@ucla.edu,383-541-6772
215,Caddric,Harler,charler5y@posterous.com,628-542-3710
216,Evie,Dellenbrok,edellenbrok5z@tmall.com,177-645-2486
217,Kiel,Bolzen,kbolzen60@360.cn,497-772-3522
218,Guilbert,Ledster,gledster61@tinypic.com,541-570-4192
219,Arline,Cancellario,acancellario62@sohu.com,785-469-7410
220,Genna,Mohring,gmohring63@fc2.com,992-461-3451
221,Kelli,Dryden,kdryden64@rediff.com,781-690-0777
222,Mable,Opdenorth,mopdenorth65@japanpost.jp,327-477-5848
223,Kiersten,Colleymore,kcolleymore66@prnewswire.com,876-760-3866
224,Heindrick,Jealous,hjealous67@icio.us,800-274-5536
225,Pietrek,Allingham,pallingham68@noaa.gov,943-754-4678
226,Godard,Ferson,gferson69@github.com,854-833-8351
227,Ashlan,Pursglove,apursglove6a@latimes.com,305-319-1492
228,Sorcha,Upton,supton6b@dyndns.org,410-892-3399
229,Magda,O' Gara,mogara6c@washingtonpost.com,226-835-1733
230,Dorian,Volante,dvolante6d@cafepress.com,496-488-3068
231,Zarah,Dorwood,zdorwood6e@jugem.jp,490-281-5549
232,Putnem,Creser,pcreser6f@amazon.com,910-259-0300
233,Lynna,Chate,lchate6g@abc.net.au,639-520-6267
234,Garold,Wildin,gwildin6h@house.gov,530-364-7635
235,Mikey,Sawart,msawart6i@dailymotion.com,386-740-4861
236,Fayette,Treagust,ftreagust6j@usnews.com,979-350-8234
237,Quinton,Vooght,qvooght6k@nyu.edu,141-717-2591
238,Sollie,Ianitti,sianitti6l@pen.io,917-494-6045
239,Bernadene,Jarmyn,bjarmyn6m@desdev.cn,831-230-9726
240,Robinette,Durning,rdurning6n@nbcnews.com,626-264-3788
241,Nan,Cavey,ncavey6o@guardian.co.uk,683-931-6258
242,Neely,Banister,nbanister6p@creativecommons.org,927-939-0043
243,Saba,Smylie,ssmylie6q@yahoo.com,203-374-4175
244,Roderigo,Hayford,rhayford6r@buzzfeed.com,513-532-9030
245,Hendrika,Hourstan,hhourstan6s@mozilla.com,898-514-4459
246,Kelli,Crocroft,kcrocroft6t@google.com,351-440-5323
247,Jarad,Sapwell,jsapwell6u@exblog.jp,504-916-5945
248,Shelby,Kalkofer,skalkofer6v@reference.com,729-388-6320
249,Theo,Fairs,tfairs6w@cafepress.com,466-724-3898
250,Curt,Grix,cgrix6x@simplemachines.org,322-678-4740
251,Hamilton,Fardoe,hfardoe6y@gnu.org,547-132-5396
252,Murvyn,Groucock,mgroucock6z@geocities.com,813-972-0593
253,Corabel,Posvner,cposvner70@china.com.cn,811-340-3165
254,Marci,Holley,mholley71@jugem.jp,971-200-7815
255,Rriocard,Antognozzii,rantognozzii72@craigslist.org,696-553-9442
256,Christye,Bleythin,cbleythin73@ezinearticles.com,728-542-0150
257,Laurie,Deam,ldeam74@privacy.gov.au,345-954-2312
258,Nydia,Blanpein,nblanpein75@hugedomains.com,566-207-1862
259,Leonard,Sheryne,lsheryne76@fda.gov,333-641-9539
260,Teena,Vaneev,tvaneev77@tmall.com,570-824-1399
261,Andros,Trythall,atrythall78@storify.com,238-735-5021
262,Mariska,Stebbins,mstebbins79@wiley.com,222-113-0101
263,Lilias,Cogle,lcogle7a@comsenz.com,223-278-3551
264,Ramon,Gain,rgain7b@printfriendly.com,255-672-9211
265,Zorine,Jakubovitch,zjakubovitch7c@soundcloud.com,999-373-9428
266,Perrine,Copes,pcopes7d@reddit.com,587-410-9788
267,Alla,Clampe,aclampe7e@macromedia.com,552-607-4430
268,Hilde,Feuell,hfeuell7f@imageshack.us,171-775-1068
269,Barrie,MacArte,bmacarte7g@berkeley.edu,905-167-7682
270,Salmon,Guidi,sguidi7h@ifeng.com,587-612-6560
271,Heddie,Kobpal,hkobpal7i@mapy.cz,567-964-7613
272,Dwayne,Pinhorn,dpinhorn7j@ocn.ne.jp,168-482-7090
273,Tara,Bissell,tbissell7k@rakuten.co.jp,500-863-1974
274,Michelle,Withull,mwithull7l@histats.com,822-451-0495
275,Norene,Chiommienti,nchiommienti7m@sakura.ne.jp,233-419-2695
276,Paloma,Augar,paugar7n@tinypic.com,899-627-8109
277,Helge,Siddaley,hsiddaley7o@wikispaces.com,202-970-8491
278,Brennen,Buzzing,bbuzzing7p@bizjournals.com,518-263-1861
279,Willey,Grassin,wgrassin7q@yelp.com,135-920-9259
280,Hyatt,Judge,hjudge7r@fastcompany.com,674-301-4070
281,Lynnet,Sissens,lsissens7s@mayoclinic.com,118-760-6695
282,Deck,Salvador,dsalvador7t@posterous.com,141-757-4387
283,Christal,Giorgione,cgiorgione7u@google.fr,799-488-6395
284,Chilton,Paudin,cpaudin7v@ox.ac.uk,191-250-8099
285,Benn,Glanders,bglanders7w@buzzfeed.com,862-554-8385
286,Barbara,Bottelstone,bbottelstone7x@sphinn.com,978-747-0235
287,Ricoriki,Gowdie,rgowdie7y@google.co.uk,797-996-4539
288,Phillida,Barca,pbarca7z@github.io,657-612-7503
289,Orsola,Nesey,onesey80@illinois.edu,799-749-6154
290,Julie,McGourty,jmcgourty81@umich.edu,223-984-0317
291,Caldwell,Guilfoyle,cguilfoyle82@sitemeter.com,236-190-1602
292,Sidoney,Bariball,sbariball83@feedburner.com,505-180-4840
293,Kristoffer,Egginton,kegginton84@spiegel.de,498-323-5582
294,Carlyle,Rabbe,crabbe85@networkadvertising.org,284-378-3261
295,Jordanna,Walrond,jwalrond86@fotki.com,632-777-8365
296,Dara,Walkowski,dwalkowski87@cdbaby.com,298-636-0069
297,Merrielle,Conochie,mconochie88@artisteer.com,393-751-3328
298,Silva,Rhucroft,srhucroft89@google.co.uk,349-532-2862
299,Brendin,Samwayes,bsamwayes8a@cnn.com,976-173-2411
300,Brody,Hendrik,bhendrik8b@sogou.com,829-730-5923
301,Sabina,Creavin,screavin8c@usda.gov,199-739-1490
302,Calv,Ferier,cferier8d@answers.com,955-739-7561
303,Clara,Week,cweek8e@patch.com,950-762-9451
304,Wyatan,Billyard,wbillyard8f@ftc.gov,797-292-3485
305,Louisa,MacDearmaid,lmacdearmaid8g@sakura.ne.jp,455-163-4832
306,Tremayne,De Mitris,tdemitris8h@wordpress.com,488-170-7757
307,Cole,Troyes,ctroyes8i@google.com.au,635-693-0694
308,Gay,Pirt,gpirt8j@illinois.edu,640-860-3328
309,Janeva,Derry,jderry8k@dailymail.co.uk,357-697-7362
310,Israel,Kinahan,ikinahan8l@cdbaby.com,103-764-7815
311,Harriet,Keys,hkeys8m@booking.com,572-103-4703
312,Birch,Jearum,bjearum8n@freewebs.com,366-511-3156
313,Joly,Joan,jjoan8o@alibaba.com,323-367-7135
314,Deny,Treacy,dtreacy8p@loc.gov,564-917-2904
315,Alexio,Harms,aharms8q@theguardian.com,357-969-0341
316,Germaine,Stuttman,gstuttman8r@godaddy.com,519-158-7351
317,Kenneth,Laxston,klaxston8s@hp.com,277-723-3875
318,Anita,Burrus,aburrus8t@bbb.org,729-341-3496
319,Duke,Locks,dlocks8u@feedburner.com,667-722-6611
320,Mervin,Kolinsky,mkolinsky8v@comsenz.com,400-461-7905
321,Brear,Aspey,baspey8w@tripod.com,669-546-2097
322,Phoebe,Kilpatrick,pkilpatrick8x@meetup.com,182-149-2380
323,Lucia,Ausher,lausher8y@bizjournals.com,850-145-9082
324,Hedvige,LLelweln,hllelweln8z@msn.com,649-281-4647
325,Melania,Zanolli,mzanolli90@amazon.de,779-324-4009
326,Ogdan,Brunicke,obrunicke91@princeton.edu,214-723-0598
327,Warden,Hunnisett,whunnisett92@tamu.edu,578-249-6866
328,Loydie,Ganiclef,lganiclef93@nasa.gov,640-547-5105
329,Mikol,Kach,mkach94@blinklist.com,966-105-0712
330,Randy,Whitmell,rwhitmell95@mysql.com,528-745-7620
331,Dicky,Gobell,dgobell96@illinois.edu,738-421-5724
332,Mureil,Calvie,mcalvie97@craigslist.org,298-694-2839
333,Konrad,Dartan,kdartan98@jiathis.com,819-597-9669
334,Helyn,Foat,hfoat99@intel.com,709-959-3282
335,Erik,Walworche,ewalworche9a@zdnet.com,573-925-3950
336,Walker,Merrall,wmerrall9b@fema.gov,203-429-2628
337,Abagael,Fenners,afenners9c@taobao.com,502-264-8790
338,Rana,O'Rudden,rorudden9d@weibo.com,620-813-8236
339,Hesther,Czaple,hczaple9e@mit.edu,124-555-0116
340,Charline,Waitland,cwaitland9f@tripadvisor.com,901-845-2583
341,Michele,Crosher,mcrosher9g@soundcloud.com,293-311-7835
342,Garvy,Simner,gsimner9h@blogs.com,184-158-2703
343,Vasilis,Shermore,vshermore9i@dailymail.co.uk,123-451-6372
344,Lebbie,McLeese,lmcleese9j@icio.us,983-730-9185
345,Tandie,Hardway,thardway9k@census.gov,232-992-6295
346,Niel,Chatband,nchatband9l@vk.com,429-205-2152
347,Guillemette,Orans,gorans9m@seattletimes.com,215-438-4233
348,Vivi,Keld,vkeld9n@techcrunch.com,512-990-6805
349,Anet,Ehrat,aehrat9o@shutterfly.com,938-796-2344
350,Ingelbert,Favill,ifavill9p@soundcloud.com,409-643-3977
351,Feodor,Hamsson,fhamsson9q@infoseek.co.jp,301-742-8811
352,Hersch,Gounot,hgounot9r@earthlink.net,536-840-1130
353,Aeriel,Beaument,abeaument9s@oracle.com,751-100-3878
354,Selene,Huison,shuison9t@shareasale.com,859-895-2020
355,Porty,Curmi,pcurmi9u@wunderground.com,222-630-0393
356,Inge,Rubinsky,irubinsky9v@soundcloud.com,747-344-7023
357,Devina,Rolfe,drolfe9w@printfriendly.com,764-703-7720
358,Dionne,Riddles,driddles9x@ovh.net,599-871-0062
359,Sandye,Proback,sproback9y@thetimes.co.uk,942-315-3762
360,Conn,Nye,cnye9z@barnesandnoble.com,915-930-4718
361,Sascha,Kivits,skivitsa0@census.gov,265-268-8172
362,Gran,Scandrett,gscandretta1@adobe.com,905-615-6713
363,Zora,Bloxland,zbloxlanda2@google.nl,629-210-4891
364,Cherish,O' Borne,cobornea3@bbb.org,516-793-1818
365,Melisa,Ollet,molleta4@myspace.com,140-142-0028
366,Cathyleen,Downs,cdownsa5@google.co.uk,313-375-5226
367,Dagmar,Birkhead,dbirkheada6@nymag.com,342-963-4342
368,Gibby,Fulloway,gfullowaya7@europa.eu,715-868-0533
369,Mariel,Ramsell,mramsella8@weibo.com,344-109-9667
370,Raddie,Creaven,rcreavena9@time.com,796-667-8376
371,Kordula,Giacovelli,kgiacovelliaa@lulu.com,611-291-7524
372,Bear,Brookes,bbrookesab@sciencedirect.com,497-933-1076
373,Bengt,Shepland,bsheplandac@amazon.co.uk,120-557-9626
374,Ricardo,Volett,rvolettad@constantcontact.com,645-831-0669
375,Phillis,Helder,phelderae@ifeng.com,513-774-2883
376,Estele,Leyre,eleyreaf@yahoo.com,313-806-1931
377,Diana,Legonidec,dlegonidecag@economist.com,921-981-1641
378,Kristopher,Carik,kcarikah@nymag.com,160-674-0395
379,Darda,Lewer,dlewerai@boston.com,992-836-8436
380,Matilda,Pledger,mpledgeraj@sphinn.com,557-708-6188
381,Godfrey,Seeler,gseelerak@nationalgeographic.com,265-305-1164
382,Hort,Ruberti,hrubertial@hexun.com,824-995-2757
383,Lyn,Cowden,lcowdenam@sun.com,242-214-5894
384,Windham,Macilhench,wmacilhenchan@sbwire.com,600-882-3329
385,Eb,Adds,eaddsao@berkeley.edu,264-552-3385
386,Leroy,Lowless,llowlessap@taobao.com,132-924-3148
387,Olive,Dumingos,odumingosaq@goodreads.com,495-221-3744
388,Abel,Teager,ateagerar@stumbleupon.com,479-727-0820
389,Abrahan,Fores,aforesas@businessinsider.com,416-133-5788
390,Aldon,Rollo,arolloat@thetimes.co.uk,242-493-6724
391,Cecilia,Cough,ccoughau@yahoo.com,104-239-4700
392,Gasper,Seedman,gseedmanav@cisco.com,335-478-1043
393,Sonnie,Gleader,sgleaderaw@vistaprint.com,100-328-4526
394,Cynthia,Hargie,chargieax@imageshack.us,370-294-4237
395,Lindi,Cornilleau,lcornilleauay@scientificamerican.com,820-244-3816
396,Ron,Emor,remoraz@businesswire.com,998-663-8127
397,Colleen,Boays,cboaysb0@fc2.com,154-951-3241
398,Maris,Chellenham,mchellenhamb1@buzzfeed.com,824-606-1701
399,Erv,Bohman,ebohmanb2@plala.or.jp,356-840-9278
400,Maryanna,Wattam,mwattamb3@nhs.uk,498-265-2640
401,Murry,Guice,mguiceb4@berkeley.edu,453-125-0865
402,Delcine,Hardaker,dhardakerb5@typepad.com,308-183-3029
403,Caresse,Greasley,cgreasleyb6@liveinternet.ru,242-778-9582
404,Retha,Latch,rlatchb7@wiley.com,276-151-9498
405,Keelby,Meegan,kmeeganb8@imgur.com,358-397-7372
406,Faydra,Ritson,fritsonb9@sun.com,309-983-6743
407,Louisette,Wickwar,lwickwarba@apache.org,471-629-4083
408,Rodney,Beddo,rbeddobb@posterous.com,312-167-4180
409,Uri,Colquitt,ucolquittbc@si.edu,708-806-8492
410,Bale,Renton,brentonbd@behance.net,252-411-9277
411,Malchy,Inkin,minkinbe@cmu.edu,892-524-9918
412,Leila,Hollier,lhollierbf@com.com,164-287-2842
413,Roarke,Maunsell,rmaunsellbg@msn.com,125-497-8104
414,Maisie,Rickertsen,mrickertsenbh@slideshare.net,868-305-9438
415,Brannon,Cadding,bcaddingbi@1und1.de,863-735-8249
416,Alexei,Gibben,agibbenbj@europa.eu,985-968-0844
417,Jamie,Loverock,jloverockbk@berkeley.edu,217-657-8482
418,Nanny,Owlner,nowlnerbl@newyorker.com,563-574-4617
419,Tallia,Galfour,tgalfourbm@hao123.com,831-340-9883
420,Carie,Atto,cattobn@sun.com,188-594-8416
421,Taite,Cuesta,tcuestabo@merriam-webster.com,387-249-3427
422,Kristo,Gail,kgailbp@mayoclinic.com,516-337-1981
423,Arlyn,Oddie,aoddiebq@issuu.com,830-552-2922
424,Adelaide,Lack,alackbr@berkeley.edu,454-424-7400
425,Bradford,Woollam,bwoollambs@hatena.ne.jp,248-849-0072
426,Bendicty,Van Der Hoog,bvanderhoogbt@sciencedirect.com,123-547-2469
427,Roseann,Shergold,rshergoldbu@theguardian.com,905-957-1792
428,Rorie,Crickmore,rcrickmorebv@salon.com,500-494-4160
429,Sallyann,Mazzeo,smazzeobw@amazonaws.com,420-996-1568
430,Boris,Bilby,bbilbybx@mtv.com,878-527-9722
431,Anthiathia,Manach,amanachby@stanford.edu,133-284-8408
432,Noella,Bretherick,nbretherickbz@spotify.com,908-918-3703
433,Jessy,Popham,jpophamc0@gmpg.org,290-699-7952
434,Dalia,Cass,dcassc1@redcross.org,471-249-9320
435,Meta,Leathem,mleathemc2@goo.gl,348-748-7644
436,Kim,McShirie,kmcshiriec3@wufoo.com,520-817-2889
437,Stearne,Ridehalgh,sridehalghc4@oakley.com,986-478-7824
438,Hersch,O'Cahill,hocahillc5@statcounter.com,409-983-1579
439,Grethel,Solan,gsolanc6@clickbank.net,735-342-1973
440,Emmalynne,Doyle,edoylec7@house.gov,155-225-5223
441,Lorry,Lempenny,llempennyc8@dyndns.org,591-181-8696
442,Rhodia,Gault,rgaultc9@t.co,107-111-4775
443,Maiga,Taig,mtaigca@samsung.com,654-609-4750
444,Bentley,Melhuish,bmelhuishcb@prweb.com,498-437-8863
445,Jarvis,Hedden,jheddencc@acquirethisname.com,532-246-9678
446,Cole,Kohter,ckohtercd@flickr.com,983-687-3783
447,Elysia,Kigelman,ekigelmance@bravesites.com,582-752-8937
448,Sabina,Eburne,seburnecf@europa.eu,615-336-1173
449,Debee,Curbishley,dcurbishleycg@miitbeian.gov.cn,567-492-4355
450,Pammie,Lambart,plambartch@soup.io,347-440-4841
451,Ebenezer,Boud,eboudci@github.com,745-311-9217
452,Willy,Drei,wdreicj@wired.com,607-394-3197
453,Allene,Tunn,atunnck@godaddy.com,843-522-4428
454,Walliw,Corzon,wcorzoncl@prnewswire.com,458-403-0264
455,Homer,Abramchik,habramchikcm@newsvine.com,885-147-4655
456,Raimund,Scudamore,rscudamorecn@vinaora.com,801-164-1416
457,Brigida,Unworth,bunworthco@themeforest.net,970-460-4811
458,Thomasina,Portwain,tportwaincp@businessweek.com,655-324-4878
459,Hilliary,Kiddy,hkiddycq@bbc.co.uk,810-501-1257
460,Gregg,Colbeck,gcolbeckcr@google.com.au,226-738-2943
461,Augy,Oakman,aoakmancs@shutterfly.com,817-493-7665
462,Lettie,Capineer,lcapineerct@intel.com,657-342-4578
463,Rhianna,Harrigan,rharrigancu@npr.org,298-711-3769
464,Cynde,Pfaffel,cpfaffelcv@cyberchimps.com,229-943-8124
465,Oralie,Duck,oduckcw@craigslist.org,973-766-4388
466,Cathleen,Stocken,cstockencx@mysql.com,626-933-3302
467,Abra,Esley,aesleycy@usa.gov,364-471-3366
468,Kinsley,Zanneli,kzannelicz@edublogs.org,526-143-8157
469,Orran,Gowdridge,ogowdridged0@cloudflare.com,969-111-1826
470,Cari,Capron,ccaprond1@i2i.jp,502-759-0139
471,Nelson,Dymond,ndymondd2@creativecommons.org,822-417-1394
472,Brigida,Simonds,bsimondsd3@stanford.edu,361-958-2761
473,Shauna,Febre,sfebred4@posterous.com,230-431-9024
474,Clair,Bank,cbankd5@cyberchimps.com,103-804-0277
475,Antonetta,Kenewell,akenewelld6@epa.gov,837-850-1999
476,Benedict,Belvard,bbelvardd7@joomla.org,461-658-8754
477,Mahalia,Clarricoates,mclarricoatesd8@unicef.org,872-113-5273
478,Denis,Loughrey,dloughreyd9@sphinn.com,610-183-7867
479,Xylina,Couzens,xcouzensda@newyorker.com,320-711-3943
480,Gerda,Rallinshaw,grallinshawdb@diigo.com,596-555-5642
481,Kimberly,Abdee,kabdeedc@loc.gov,335-310-8562
482,Sharona,Sollis,ssollisdd@sbwire.com,970-193-2202
483,Pattie,Boldecke,pboldeckede@ucoz.com,367-715-5675
484,Georgianna,McAndrew,gmcandrewdf@yahoo.co.jp,248-470-3350
485,Janette,Middle,jmiddledg@telegraph.co.uk,655-206-3492
486,Drucill,Gergolet,dgergoletdh@deliciousdays.com,241-624-5513
487,Alisun,Hegley,ahegleydi@prweb.com,925-785-1820
488,Valerye,Coldrick,vcoldrickdj@ehow.com,881-983-8737
489,Roddie,Menat,rmenatdk@army.mil,350-150-6848
490,Chrysa,Bartels-Ellis,cbartelsellisdl@instagram.com,823-449-3678
491,Wain,Dohmer,wdohmerdm@cbslocal.com,188-636-7212
492,Kaja,Drever,kdreverdn@yahoo.com,793-933-7382
493,Ramonda,Nisbet,rnisbetdo@mlb.com,639-572-9404
494,Erhard,Blinerman,eblinermandp@bluehost.com,991-698-7243
495,Regan,Peyntue,rpeyntuedq@dyndns.org,155-303-8658
496,Niven,Haddinton,nhaddintondr@ibm.com,790-401-3497
497,Judah,Riordan,jriordands@admin.ch,636-407-2824
498,Karil,Scotland,kscotlanddt@kickstarter.com,362-443-1111
499,Adda,Pledger,apledgerdu@mapy.cz,383-521-7792
500,Betti,Dyball,bdyballdv@reverbnation.com,202-558-4934
501,Sylas,Bartholomaus,sbartholomausdw@engadget.com,496-246-6498
502,Di,Hoggin,dhoggindx@walmart.com,374-986-9260
503,Nolana,Jost,njostdy@berkeley.edu,434-726-5324
504,Dodi,Brolan,dbrolandz@arizona.edu,732-588-9010
505,Addia,Mullaly,amullalye0@hp.com,202-153-3972
506,Allister,Musslewhite,amusslewhitee1@e-recht24.de,949-667-8196
507,Viviene,Sarge,vsargee2@sogou.com,143-625-7315
508,Mellisa,Wrey,mwreye3@scribd.com,439-434-6668
509,Sella,Tartt,startte4@abc.net.au,438-639-1395
510,Hardy,Marjanovic,hmarjanovice5@qq.com,997-490-1624
511,Timotheus,Turbard,tturbarde6@amazonaws.com,847-903-2120
512,Reilly,Trussell,rtrusselle7@xrea.com,264-583-0357
513,Cami,Ickeringill,cickeringille8@techcrunch.com,924-423-9346
514,Daron,Houseley,dhouseleye9@who.int,442-637-8582
515,Abbott,Poncet,aponcetea@comcast.net,578-251-6031
516,Hendrik,Edmeades,hedmeadeseb@joomla.org,899-376-5203
517,Vaclav,Lafee,vlafeeec@moonfruit.com,950-900-6723
518,Erena,Arend,earended@ed.gov,278-948-7603
519,Darcee,Attrie,dattrieee@amazon.co.uk,806-714-1281
520,Barbra,Rame,brameef@hatena.ne.jp,265-797-9827
521,Cherianne,Bloodworth,cbloodwortheg@shutterfly.com,725-768-3770
522,Theodor,Chichgar,tchichgareh@google.it,380-721-3566
523,Curran,Sylvaine,csylvaineei@devhub.com,697-866-5465
524,Minnaminnie,Shelborne,mshelborneej@thetimes.co.uk,410-224-1334
525,Esther,Wallbanks,ewallbanksek@ezinearticles.com,367-784-6404
526,Latia,Hinchshaw,lhinchshawel@telegraph.co.uk,304-817-4354
527,Ardra,Svanini,asvaniniem@icio.us,546-854-3301
528,Herminia,Juanico,hjuanicoen@vistaprint.com,100-947-5533
529,Dede,Whatham,dwhathameo@phpbb.com,236-749-3743
530,Leighton,Novak,lnovakep@scribd.com,851-749-1169
531,Roarke,Halfacre,rhalfacreeq@linkedin.com,369-723-1809
532,Rollie,Birdwhistle,rbirdwhistleer@ovh.net,688-227-1044
533,Burnaby,Serris,bserrises@netscape.com,249-852-8847
534,Lexine,MacMenamie,lmacmenamieet@ask.com,689-571-7830
535,Britta,Frazer,bfrazereu@infoseek.co.jp,916-531-7689
536,Alia,Sulter,asulterev@wisc.edu,304-221-4917
537,Rennie,Kearton,rkeartonew@comcast.net,202-925-8002
538,Abie,Tibbotts,atibbottsex@dedecms.com,797-347-3514
539,Cullie,Abys,cabysey@bbb.org,397-742-5784
540,Winfred,Wyper,wwyperez@artisteer.com,479-780-2422
541,Raffaello,Vany,rvanyf0@51.la,653-289-6143
542,Gordie,Bosher,gbosherf1@artisteer.com,735-731-2165
543,Ailey,Crux,acruxf2@ft.com,435-329-3655
544,Allyn,Wilkie,awilkief3@unicef.org,905-833-4956
545,Stacy,Silverton,ssilvertonf4@4shared.com,617-428-1007
546,Bernardina,Rosborough,brosboroughf5@github.io,306-880-7708
547,Griz,Lathy,glathyf6@nba.com,809-979-0101
548,Peri,Summerlie,psummerlief7@uiuc.edu,376-930-5838
549,Ford,Cartlidge,fcartlidgef8@github.com,735-393-5225
550,Valenka,Janaszewski,vjanaszewskif9@indiatimes.com,934-469-6092
551,Dill,Learmont,dlearmontfa@skyrock.com,658-580-1008
552,Gerri,Collingdon,gcollingdonfb@furl.net,724-340-2079
553,Addison,Glantz,aglantzfc@marriott.com,144-113-4788
554,Mei,Henrie,mhenriefd@blogtalkradio.com,611-812-0313
555,Cobbie,Doughartie,cdoughartiefe@tmall.com,930-390-6382
556,Karola,Bowlands,kbowlandsff@google.co.uk,398-965-7072
557,Debora,Shrimpton,dshrimptonfg@globo.com,307-277-0761
558,Livvy,Giacoppoli,lgiacoppolifh@pen.io,662-672-2193
559,Elijah,Cassimer,ecassimerfi@constantcontact.com,384-676-7599
560,Ardath,Lyvon,alyvonfj@spotify.com,137-324-4712
561,Prince,Tuxwell,ptuxwellfk@netlog.com,122-182-8538
562,Nancee,Scanes,nscanesfl@netlog.com,686-117-2260
563,Jameson,Runnett,jrunnettfm@webs.com,357-757-7820
564,Devina,Godfrey,dgodfreyfn@cargocollective.com,757-740-7325
565,Theobald,Desaur,tdesaurfo@wsj.com,312-345-7472
566,Nonah,Bussel,nbusselfp@boston.com,435-332-9522
567,Perri,Quinsee,pquinseefq@cnbc.com,906-132-1366
568,Reina,Lucy,rlucyfr@lycos.com,195-321-7711
569,Dix,Legier,dlegierfs@hao123.com,657-569-7692
570,Fabian,Janca,fjancaft@ucla.edu,363-332-5994
571,Arie,Clines,aclinesfu@icio.us,106-744-7928
572,Cobb,Bertomeu,cbertomeufv@dmoz.org,777-278-7279
573,Chloe,Inder,cinderfw@youtube.com,692-990-6220
574,Law,Collip,lcollipfx@archive.org,945-994-5442
575,Durward,Billion,dbillionfy@blogger.com,845-827-1817
576,Milicent,McGann,mmcgannfz@shop-pro.jp,298-395-7866
577,Theda,Wickson,twicksong0@delicious.com,628-138-1148
578,Ignatius,Armin,iarming1@nifty.com,179-574-7495
579,Joseph,Reynold,jreynoldg2@cbslocal.com,710-492-7989
580,Alena,Whiteley,awhiteleyg3@usda.gov,595-285-5577
581,Claire,Jurasz,cjuraszg4@indiatimes.com,841-154-1637
582,Verine,McKilroe,vmckilroeg5@cbsnews.com,427-573-4841
583,Bethanne,Cawdron,bcawdrong6@dailymotion.com,359-536-2464
584,Frants,Mulleary,fmullearyg7@github.com,981-406-7616
585,Cassie,Habershaw,chabershawg8@paginegialle.it,301-387-9982
586,Jule,Coull,jcoullg9@mozilla.org,651-295-7472
587,Cally,Seamer,cseamerga@unicef.org,644-648-8995
588,Gusti,O'Keenan,gokeenangb@umich.edu,986-231-9640
589,Haven,Jaquemar,hjaquemargc@odnoklassniki.ru,318-750-1144
590,Emmalee,Craythorne,ecraythornegd@dailymotion.com,501-148-0733
591,Aleen,McCrohon,amccrohonge@bbc.co.uk,844-212-7745
592,Rosemaria,Penrose,rpenrosegf@printfriendly.com,926-727-2898
593,Granny,Sterley,gsterleygg@topsy.com,141-805-3959
594,Florenza,Haggerwood,fhaggerwoodgh@example.com,184-989-0828
595,Jeremie,Gee,jgeegi@acquirethisname.com,752-233-2981
596,Lem,Guitel,lguitelgj@friendfeed.com,405-328-9481
597,Bucky,Kidder,bkiddergk@cisco.com,422-120-2367
598,Mortie,Thornton-Dewhirst,mthorntondewhirstgl@admin.ch,232-539-3702
599,Lucie,Burds,lburdsgm@vinaora.com,614-787-5121
600,Shana,Eddoes,seddoesgn@globo.com,762-249-5887
601,Pen,Moth,pmothgo@ox.ac.uk,545-885-4744
602,Ana,Kinsman,akinsmangp@drupal.org,662-132-2936
603,Orson,Furneaux,ofurneauxgq@joomla.org,450-929-5497
604,Maggee,Mc Cahey,mmccaheygr@chicagotribune.com,758-253-5268
605,Alexandro,Greaterex,agreaterexgs@elpais.com,637-895-0990
606,Mirella,Dannett,mdannettgt@apache.org,570-495-8707
607,Farley,Garrow,fgarrowgu@cmu.edu,338-391-2225
608,Artemis,Lindenfeld,alindenfeldgv@ning.com,693-535-0657
609,Ralph,Kline,rklinegw@census.gov,884-600-1494
610,Johny,Fries,jfriesgx@networksolutions.com,657-684-6471
611,Derrick,Enderle,denderlegy@reverbnation.com,176-789-1508
612,Alisander,Haskew,ahaskewgz@bigcartel.com,605-222-6784
613,Stillman,Frankcomb,sfrankcombh0@gizmodo.com,507-524-7877
614,Grace,Komorowski,gkomorowskih1@phpbb.com,858-606-7310
615,Berkeley,Crank,bcrankh2@hp.com,605-718-2962
616,Amalee,Newark,anewarkh3@istockphoto.com,307-156-0370
617,Ronalda,Growcott,rgrowcotth4@addthis.com,864-482-2489
618,Munmro,Joncic,mjoncich5@cdbaby.com,477-739-4910
619,Bale,Muncer,bmuncerh6@themeforest.net,706-155-9489
620,Hettie,Kirdsch,hkirdschh7@usgs.gov,294-717-1892
621,Alexander,Carcass,acarcassh8@feedburner.com,816-597-7956
622,Sande,De Malchar,sdemalcharh9@nhs.uk,711-252-9034
623,Kipp,Vigne,kvigneha@digg.com,785-431-3066
624,Joeann,Drewes,jdreweshb@adobe.com,939-216-0203
625,Khalil,Pobjoy,kpobjoyhc@icq.com,269-117-7172
626,Tommy,Edgley,tedgleyhd@squarespace.com,904-540-1077
627,Ursola,Rush,urushhe@addthis.com,758-267-5045
628,Idette,Raspison,iraspisonhf@tuttocitta.it,496-499-2480
629,Olly,Bordiss,obordisshg@plala.or.jp,376-405-9489
630,Aland,Sturzaker,asturzakerhh@nba.com,767-880-4104
631,Dorree,Ugoni,dugonihi@psu.edu,949-109-6739
632,Grazia,L'argent,glargenthj@desdev.cn,216-557-1833
633,Nata,Storres,nstorreshk@un.org,132-729-9884
634,Antoinette,Hanney,ahanneyhl@forbes.com,106-678-7319
635,David,Shoesmith,dshoesmithhm@artisteer.com,689-305-4789
636,Layney,Chinnery,lchinneryhn@istockphoto.com,236-430-7254
637,Martino,Zannini,mzanniniho@dropbox.com,803-363-7494
638,Cari,Warbey,cwarbeyhp@nba.com,433-779-7474
639,Perle,Haney,phaneyhq@theguardian.com,611-577-0415
640,Melli,Boichat,mboichathr@joomla.org,495-152-5390
641,Janette,Christofides,jchristofideshs@sciencedirect.com,499-849-9875
642,Yasmeen,Linster,ylinsterht@dropbox.com,263-909-7257
643,Roze,Whickman,rwhickmanhu@imdb.com,546-351-0716
644,Fiorenze,Whordley,fwhordleyhv@nba.com,257-831-6834
645,Babette,Ridgwell,bridgwellhw@google.co.uk,905-331-2441
646,Parsifal,Shedden,psheddenhx@blinklist.com,201-916-9139
647,Matty,Aulsford,maulsfordhy@theatlantic.com,754-915-3306
648,Collie,Beefon,cbeefonhz@alexa.com,244-493-6308
649,Walt,Alleyn,walleyni0@upenn.edu,211-414-5275
650,Edie,Jiruca,ejirucai1@moonfruit.com,272-499-4337
651,Hayley,Crabtree,hcrabtreei2@reference.com,775-781-9688
652,Walt,Matthias,wmatthiasi3@wikipedia.org,691-337-5084
653,Obediah,Bartelot,obarteloti4@google.com.au,490-123-8501
654,Jennie,Westfalen,jwestfaleni5@blogger.com,122-640-1145
655,Lucienne,Darter,ldarteri6@mayoclinic.com,212-710-7371
656,Nedi,Elliman,nellimani7@howstuffworks.com,589-709-9381
657,Claudius,Puncher,cpuncheri8@cam.ac.uk,827-798-9116
658,Nicky,Climar,nclimari9@go.com,402-137-0442
659,Danna,Ciccerale,dcicceraleia@twitter.com,649-980-1869
660,Angelina,Sindall,asindallib@tamu.edu,537-709-6789
661,Maegan,Mash,mmashic@youtu.be,741-200-7270
662,Herold,Stainton - Skinn,hstaintonskinnid@odnoklassniki.ru,669-463-6964
663,Bunnie,Commin,bcomminie@tinyurl.com,624-151-0322
664,Earl,Wykes,ewykesif@hubpages.com,436-743-2998
665,Ara,Calver,acalverig@mapquest.com,474-979-4509
666,Tova,Sheryn,tsherynih@sphinn.com,400-753-2920
667,Cathryn,Jerred,cjerredii@geocities.com,644-974-8820
668,Wilton,Goosey,wgooseyij@barnesandnoble.com,835-196-5096
669,Marci,Whitrod,mwhitrodik@rakuten.co.jp,739-482-5554
670,Arlan,Hendrickson,ahendricksonil@about.me,765-467-2210
671,Kiri,Utterson,kuttersonim@pinterest.com,104-614-4613
672,Brennen,Rableau,brableauin@usa.gov,918-306-5464
673,Verena,Pereira,vpereiraio@lulu.com,418-208-7895
674,Amalle,Counihan,acounihanip@zdnet.com,837-184-9333
675,Edmon,Bruhnicke,ebruhnickeiq@who.int,442-636-8731
676,Deidre,Dei,ddeiir@prlog.org,596-255-5077
677,Drud,Extil,dextilis@apache.org,423-945-4272
678,Wilhelm,Flecknell,wflecknellit@netlog.com,132-482-2424
679,Emmalyn,Alsopp,ealsoppiu@rambler.ru,907-517-5970
680,Sherrie,Ditter,sditteriv@freewebs.com,849-261-9838
681,Simone,Aldersey,salderseyiw@imageshack.us,371-654-0004
682,Timothee,Lundie,tlundieix@zimbio.com,252-176-2542
683,Roma,Shepeard,rshepeardiy@dion.ne.jp,588-213-0264
684,Sileas,Hathaway,shathawayiz@chron.com,847-195-3411
685,Cyndy,De Metz,cdemetzj0@bizjournals.com,861-228-0809
686,Teddy,Skirven,tskirvenj1@berkeley.edu,142-889-4155
687,Lewiss,Roux,lrouxj2@wikispaces.com,932-112-5014
688,Byran,Redmille,bredmillej3@github.io,248-997-9240
689,Clim,Killiam,ckilliamj4@addthis.com,401-605-6535
690,Moritz,Romagosa,mromagosaj5@bloomberg.com,941-935-4212
691,Newton,McCoid,nmccoidj6@noaa.gov,311-341-3173
692,Chaddie,Dearden,cdeardenj7@blogspot.com,680-992-6454
693,Shanan,Boner,sbonerj8@foxnews.com,245-845-0655
694,Falkner,Stickler,fsticklerj9@woothemes.com,810-279-7602
695,Kiley,Lydon,klydonja@ed.gov,377-731-7975
696,Malia,Dast,mdastjb@tripadvisor.com,867-447-9557
697,Angel,Alabone,aalabonejc@arizona.edu,346-471-0373
698,Lanette,Dukes,ldukesjd@google.com.hk,364-590-4708
699,Basilio,Rainsbury,brainsburyje@disqus.com,962-593-6806
700,Cassey,Pavitt,cpavittjf@chron.com,932-188-3742
701,Jobey,Skilbeck,jskilbeckjg@tinyurl.com,588-384-8610
702,Clarisse,Drepp,cdreppjh@odnoklassniki.ru,845-628-5887
703,Laurette,Bowra,lbowraji@bbb.org,475-469-6521
704,Trenna,Spinella,tspinellajj@jiathis.com,803-454-0701
705,Priscella,Merrin,pmerrinjk@blog.com,279-441-7825
706,Goober,Haycock,ghaycockjl@psu.edu,960-463-7543
707,Bernita,Arnholtz,barnholtzjm@people.com.cn,402-542-6978
708,Beverlee,Jacobs,bjacobsjn@nyu.edu,796-670-2354
709,Wesley,Puleque,wpulequejo@intel.com,754-877-0104
710,Miltie,Berzon,mberzonjp@cmu.edu,820-373-3679
711,Maury,Quennell,mquennelljq@nih.gov,987-507-2671
712,Demeter,Rugiero,drugierojr@hc360.com,369-286-0081
713,Pen,Poff,ppoffjs@biglobe.ne.jp,698-178-0339
714,Edward,Whitmore,ewhitmorejt@go.com,285-442-6745
715,Prisca,Amorts,pamortsju@xing.com,942-201-3887
716,Galvin,Geraudel,ggeraudeljv@geocities.jp,658-738-6193
717,Christye,Abercromby,cabercrombyjw@jugem.jp,847-891-8907
718,Avivah,Lapides,alapidesjx@clickbank.net,264-721-4568
719,Walther,Buche,wbuchejy@miibeian.gov.cn,898-150-1455
720,Kathie,Yakunikov,kyakunikovjz@hibu.com,287-924-5476
721,Stanislas,Treherne,strehernek0@prlog.org,117-234-8731
722,Gerta,Pavel,gpavelk1@rediff.com,550-209-9100
723,Allyce,Leatherborrow,aleatherborrowk2@oakley.com,379-717-9616
724,Leesa,Sumshon,lsumshonk3@google.com,692-912-8681
725,Merrick,Santer,msanterk4@trellian.com,109-881-9196
726,Dalli,Arnowitz,darnowitzk5@t-online.de,316-327-3488
727,Rae,Spieck,rspieckk6@blog.com,541-891-7564
728,Kalvin,Cours,kcoursk7@angelfire.com,915-306-1713
729,Hedda,Risebrow,hrisebrowk8@netscape.com,624-839-7105
730,Geordie,Rait,graitk9@unc.edu,726-704-0910
731,Roseline,MacGiolla,rmacgiollaka@vkontakte.ru,474-388-7883
732,Stavro,McDermid,smcdermidkb@cnet.com,475-999-8407
733,Gwennie,Maddams,gmaddamskc@jimdo.com,835-936-1132
734,Anabelle,Liptrot,aliptrotkd@rakuten.co.jp,125-112-5674
735,Latia,Brosini,lbrosinike@plala.or.jp,127-775-8779
736,Barn,Butten,bbuttenkf@spiegel.de,722-142-8546
737,Margo,Rivalland,mrivallandkg@nasa.gov,277-689-5639
738,Liliane,Taggart,ltaggartkh@slate.com,902-759-3266
739,Maximilien,Salack,msalackki@bravesites.com,882-136-3454
740,Howie,Coorington,hcooringtonkj@canalblog.com,629-445-1979
741,Christy,Algate,calgatekk@bloglovin.com,232-306-0421
742,Art,Grishukhin,agrishukhinkl@xrea.com,345-458-1330
743,Krisha,Rees,kreeskm@pcworld.com,530-108-0758
744,Julietta,Howsan,jhowsankn@oaic.gov.au,752-222-8284
745,Bellina,Aguirre,baguirreko@reference.com,550-518-3965
746,Opaline,Bagnall,obagnallkp@google.com.br,853-665-0365
747,Powell,McComb,pmccombkq@state.gov,382-965-5988
748,Roy,Jauncey,rjaunceykr@businesswire.com,721-173-7563
749,Krystalle,Itzkov,kitzkovks@msu.edu,973-255-8011
750,Glynis,Harrie,gharriekt@ibm.com,105-445-3182
751,Kingsley,Jepensen,kjepensenku@state.tx.us,932-981-6210
752,Moira,Adamiec,madamieckv@delicious.com,566-775-0886
753,Wallie,Quan,wquankw@dot.gov,343-313-0384
754,Tybi,Yarmouth,tyarmouthkx@hubpages.com,656-321-5685
755,Nehemiah,Iddison,niddisonky@imageshack.us,102-189-6382
756,Erasmus,Edden,eeddenkz@wikimedia.org,619-916-9152
757,Lonnie,Greenless,lgreenlessl0@tmall.com,185-879-2408
758,Kareem,Fountain,kfountainl1@ezinearticles.com,806-279-3322
759,Anabella,Jenks,ajenksl2@naver.com,476-111-0445
760,La verne,Jewson,ljewsonl3@1688.com,878-248-8947
761,Kellen,Benoist,kbenoistl4@washington.edu,580-201-4103
762,Gina,Gionettitti,ggionettittil5@time.com,580-646-6019
763,Lisabeth,Vasnev,lvasnevl6@hud.gov,567-342-0760
764,Kathleen,Goldfinch,kgoldfinchl7@mail.ru,393-755-2420
765,Nell,Schuelcke,nschuelckel8@samsung.com,575-130-4384
766,Gabie,Dawidowsky,gdawidowskyl9@shinystat.com,546-723-2058
767,Yetty,Antrack,yantrackla@cbc.ca,260-133-5956
768,Shandeigh,Coombs,scoombslb@odnoklassniki.ru,494-954-1431
769,Ina,Pohling,ipohlinglc@addthis.com,415-241-4662
770,Cecilia,Grievson,cgrievsonld@surveymonkey.com,324-923-7002
771,Dewey,Draisey,ddraiseyle@netvibes.com,891-375-5487
772,Mohammed,Stockbridge,mstockbridgelf@paypal.com,741-968-0345
773,Bili,Cayford,bcayfordlg@qq.com,975-870-9530
774,Danna,Cradoc,dcradoclh@home.pl,313-984-1226
775,Leigha,Columbell,lcolumbellli@aol.com,429-265-5584
776,Drucill,Fain,dfainlj@lulu.com,466-991-0449
777,Edgar,Uppett,euppettlk@pagesperso-orange.fr,123-543-9652
778,Maegan,Negal,mnegalll@utexas.edu,513-716-1279
779,Shelli,Robinson,srobinsonlm@so-net.ne.jp,740-701-5748
780,Dalis,Iohananof,diohananofln@cargocollective.com,287-286-8706
781,Giralda,Studart,gstudartlo@g.co,231-465-7131
782,Milissent,Chattock,mchattocklp@tiny.cc,605-418-7223
783,Virginie,Janas,vjanaslq@google.de,567-487-1681
784,Mathian,Perott,mperottlr@economist.com,937-351-2714
785,Michail,Mulvany,mmulvanyls@census.gov,272-123-9676
786,Drucie,Garnsworth,dgarnsworthlt@craigslist.org,468-457-8412
787,Georgine,Costellow,gcostellowlu@com.com,404-569-5644
788,Thain,Horlock,thorlocklv@opensource.org,545-570-6239
789,Sibeal,Dollard,sdollardlw@weibo.com,548-811-7333
790,Aaren,Shiels,ashielslx@t.co,963-502-0486
791,Welch,Ricker,wrickerly@lulu.com,626-816-4978
792,Ray,Race,rracelz@flavors.me,442-655-3429
793,Tomlin,Pizzey,tpizzeym0@spiegel.de,991-199-5964
794,Baxter,Ainley,bainleym1@com.com,285-322-2154
795,Alane,D'Oyly,adoylym2@fastcompany.com,216-529-8208
796,Netty,Pentin,npentinm3@google.nl,779-595-3898
797,Caril,Lorraway,clorrawaym4@ed.gov,840-534-0801
798,Joelie,McGinney,jmcginneym5@ow.ly,981-561-3608
799,Madelle,Nichol,mnicholm6@nifty.com,887-853-2915
800,Wilburt,Milkin,wmilkinm7@bing.com,318-364-5648
801,Constantin,Godbolt,cgodboltm8@toplist.cz,149-734-2582
802,Patrice,Kelloway,pkellowaym9@artisteer.com,808-448-6184
803,Allegra,Meineking,ameinekingma@ning.com,421-520-5151
804,Lila,Kenworthey,lkenwortheymb@adobe.com,317-751-0141
805,Calley,Matusson,cmatussonmc@wordpress.org,957-190-6222
806,Agretha,Twinn,atwinnmd@loc.gov,571-166-2477
807,Arri,Castagno,acastagnome@printfriendly.com,640-478-9464
808,Haze,Buey,hbueymf@walmart.com,859-184-7507
809,Rosalind,Spaule,rspaulemg@blogger.com,566-313-8424
810,Conway,Vivyan,cvivyanmh@intel.com,663-868-1616
811,Lorene,Kebell,lkebellmi@rakuten.co.jp,234-330-4082
812,Leeann,Cornes,lcornesmj@com.com,794-742-0508
813,Alfy,Auston,aaustonmk@ustream.tv,862-430-6718
814,Rozamond,Kuhnwald,rkuhnwaldml@example.com,901-712-2078
815,Logan,Baccup,lbaccupmm@devhub.com,790-367-1606
816,Cleopatra,Whild,cwhildmn@marriott.com,404-588-4371
817,Gawain,Fensome,gfensomemo@sitemeter.com,946-888-2400
818,Estrella,Rowston,erowstonmp@blogtalkradio.com,457-300-9329
819,Neda,Kelsow,nkelsowmq@berkeley.edu,303-999-9751
820,Madelle,Ziem,mziemmr@phoca.cz,895-431-7846
821,Abraham,Berrecloth,aberreclothms@spotify.com,918-984-7062
822,Shayna,Cruickshank,scruickshankmt@github.io,548-877-7917
823,Meaghan,Beddard,mbeddardmu@yellowbook.com,611-669-9256
824,Vonny,Johncey,vjohnceymv@gnu.org,639-924-8264
825,Myron,Sabathe,msabathemw@infoseek.co.jp,133-389-3587
826,Kinny,Birchett,kbirchettmx@hc360.com,838-798-5415
827,Aldous,Whilde,awhildemy@walmart.com,402-479-7572
828,Lazaro,Ortas,lortasmz@mysql.com,589-619-1799
829,Erick,Limbrick,elimbrickn0@nba.com,925-446-2365
830,Ruby,Molfino,rmolfinon1@ftc.gov,212-626-4263
831,Haskel,Cone,hconen2@unc.edu,446-562-1799
832,Cos,Swatton,cswattonn3@dagondesign.com,108-425-7088
833,Alene,Trowell,atrowelln4@auda.org.au,331-757-0827
834,Kimmi,Eplate,keplaten5@sun.com,493-250-2613
835,Janela,Greson,jgresonn6@omniture.com,546-700-8981
836,Allianora,Burder,aburdern7@uol.com.br,550-445-2511
837,Barny,De Vries,bdevriesn8@cpanel.net,813-496-7773
838,Graig,Blazhevich,gblazhevichn9@cdc.gov,572-778-1387
839,Kelley,Ormiston,kormistonna@nationalgeographic.com,698-921-2892
840,Ludvig,Farrall,lfarrallnb@census.gov,556-829-9867
841,Cayla,Alvis,calvisnc@noaa.gov,460-331-3321
842,Garnet,Huncote,ghuncotend@infoseek.co.jp,947-520-5328
843,Forster,Augustin,faugustinne@g.co,263-438-3930
844,Michal,Knott,mknottnf@cyberchimps.com,893-125-9908
845,Denney,Bowskill,dbowskillng@eepurl.com,679-942-0166
846,Martina,Lupton,mluptonnh@blogs.com,921-820-4127
847,Harald,Bellenie,hbellenieni@hatena.ne.jp,116-998-0578
848,Xever,Meas,xmeasnj@dedecms.com,931-900-6899
849,Evie,Mibourne,emibournenk@nbcnews.com,707-117-1354
850,Kira,Beranek,kberaneknl@macromedia.com,101-739-1058
851,Modesty,Yanele,myanelenm@sourceforge.net,419-640-0059
852,Killian,Marquis,kmarquisnn@pen.io,672-332-1302
853,Samaria,Bault,sbaultno@themeforest.net,153-721-4120
854,Tammy,Jahndel,tjahndelnp@tinypic.com,178-441-7489
855,Gerri,Thunders,gthundersnq@yolasite.com,968-161-7083
856,Joelly,Wingham,jwinghamnr@shinystat.com,986-854-7129
857,Randolf,Scane,rscanens@jimdo.com,682-561-3963
858,Ignace,Tice,iticent@nydailynews.com,744-825-1885
859,Elysee,Hurdiss,ehurdissnu@people.com.cn,134-613-1823
860,Ilka,Huison,ihuisonnv@163.com,646-671-3288
861,Kori,Sybry,ksybrynw@marketwatch.com,414-908-2785
862,Ingmar,Tissier,itissiernx@linkedin.com,251-894-5590
863,Renae,Hedderly,rhedderlyny@linkedin.com,863-428-7366
864,Trueman,Nerney,tnerneynz@dropbox.com,643-452-8483
865,Kristan,Follitt,kfollitto0@usnews.com,913-325-6114
866,Ferrell,McGahern,fmcgaherno1@github.io,407-762-9709
867,Even,Sheryne,esheryneo2@purevolume.com,901-974-9807
868,Colleen,Burnsall,cburnsallo3@elegantthemes.com,936-235-5887
869,Ardella,De Blasio,adeblasioo4@ifeng.com,664-631-8768
870,Gabi,Lorrimer,glorrimero5@nydailynews.com,332-889-9278
871,Fields,Attwoull,fattwoullo6@miibeian.gov.cn,804-944-8500
872,Genovera,Bendall,gbendallo7@europa.eu,188-495-8818
873,Tybi,Camps,tcampso8@google.com.hk,981-921-5693
874,Jimmy,Winsper,jwinspero9@ifeng.com,989-969-0951
875,Scot,Wilman,swilmanoa@seesaa.net,240-100-6437
876,Corrie,Vasyuchov,cvasyuchovob@hp.com,358-327-7791
877,Holli,Leedal,hleedaloc@yolasite.com,113-278-0836
878,Doy,Snooks,dsnooksod@scribd.com,967-464-8512
879,Phoebe,Flaubert,pflaubertoe@naver.com,533-100-5494
880,Laurie,Branston,lbranstonof@stanford.edu,614-712-0709
881,Danica,Leyden,dleydenog@msn.com,913-932-8112
882,Mayor,Gai,mgaioh@nytimes.com,759-563-0798
883,Jon,Nannini,jnanninioi@taobao.com,598-860-3302
884,Julietta,Surgen,jsurgenoj@adobe.com,300-151-7807
885,Sheryl,Owens,sowensok@blogtalkradio.com,388-677-5407
886,Roshelle,Antrobus,rantrobusol@barnesandnoble.com,903-508-0200
887,Kristian,Brikner,kbriknerom@elpais.com,568-942-2233
888,Peterus,Gianilli,pgianillion@howstuffworks.com,412-650-1061
889,Ingrim,Ibell,iibelloo@spiegel.de,714-309-4730
890,Thelma,Goult,tgoultop@seesaa.net,232-267-1938
891,Chantal,Lorenzetti,clorenzettioq@squidoo.com,936-177-7407
892,Giuseppe,Bownd,gbowndor@ucoz.ru,787-187-4434
893,Tamera,Crookshank,tcrookshankos@woothemes.com,891-210-1193
894,Ariel,Coey,acoeyot@fastcompany.com,234-842-8393
895,Ray,Volonte,rvolonteou@unc.edu,397-315-6231
896,Anna-maria,Fullbrook,afullbrookov@joomla.org,911-394-7173
897,Jerrold,Stonhard,jstonhardow@fc2.com,803-413-1647
898,Emylee,Mullard,emullardox@i2i.jp,586-154-4652
899,Dagmar,Folcarelli,dfolcarellioy@washingtonpost.com,887-262-8903
900,Jeremie,Cregan,jcreganoz@joomla.org,862-636-3417
901,Elyssa,Watsham,ewatshamp0@ask.com,147-230-5575
902,Stu,Worcs,sworcsp1@stanford.edu,403-857-4290
903,Udale,Lude,uludep2@prweb.com,822-992-8410
904,Brigham,Benford,bbenfordp3@upenn.edu,461-656-8196
905,Dorothee,Dudley,ddudleyp4@icq.com,378-155-8789
906,Rhett,Minichillo,rminichillop5@livejournal.com,777-135-8222
907,Cheston,Brodie,cbrodiep6@nbcnews.com,952-391-0512
908,Kathrine,Dudney,kdudneyp7@who.int,777-340-4149
909,Heindrick,Erickson,hericksonp8@qq.com,629-100-0122
910,Isahella,Bartlam,ibartlamp9@elegantthemes.com,781-610-6840
911,Orel,Dow,odowpa@ibm.com,982-461-0997
912,Orland,Teager,oteagerpb@woothemes.com,590-344-9648
913,Nady,Sallier,nsallierpc@technorati.com,862-760-5614
914,Torrence,Brabban,tbrabbanpd@auda.org.au,164-717-3651
915,Dana,Cordeux,dcordeuxpe@cornell.edu,886-357-9972
916,De witt,Siemens,dsiemenspf@intel.com,199-414-3525
917,Bren,Extall,bextallpg@psu.edu,901-944-2452
918,Trace,McCurlye,tmccurlyeph@discuz.net,276-739-9239
919,Clint,Capponer,ccapponerpi@meetup.com,263-506-8667
920,Penn,Dormand,pdormandpj@pcworld.com,123-233-9579
921,Corie,De Cruz,cdecruzpk@dell.com,736-149-7921
922,Sondra,Hazelhurst,shazelhurstpl@wufoo.com,936-884-6883
923,Abbe,Randerson,arandersonpm@bloglovin.com,601-759-0436
924,Davie,Paradine,dparadinepn@senate.gov,640-392-0590
925,Cam,Ielden,cieldenpo@alibaba.com,399-916-3171
926,Abigael,Luca,alucapp@cnbc.com,170-155-8164
927,Nerti,Klempke,nklempkepq@ucla.edu,350-201-9872
928,Bryant,MacCoughan,bmaccoughanpr@microsoft.com,908-151-6001
929,Celene,Langfitt,clangfittps@yahoo.com,923-766-8716
930,Morissa,Rainton,mraintonpt@tripadvisor.com,746-899-6911
931,Ulrika,Yankov,uyankovpu@barnesandnoble.com,856-166-9259
932,Yelena,Millar,ymillarpv@lulu.com,569-920-5610
933,Carolyn,Dunckley,cdunckleypw@utexas.edu,475-787-1362
934,Cirilo,Slateford,cslatefordpx@samsung.com,694-809-6070
935,Enrico,Brito,ebritopy@ifeng.com,821-592-2044
936,Lola,Dandy,ldandypz@nhs.uk,259-331-4966
937,Tirrell,Turley,tturleyq0@marriott.com,424-546-5777
938,Thorpe,Rabbet,trabbetq1@ed.gov,289-743-3066
939,Scottie,Lukock,slukockq2@blogger.com,520-531-5861
940,Gal,Bendixen,gbendixenq3@tamu.edu,735-668-7278
941,Nedda,Baseley,nbaseleyq4@twitpic.com,743-343-4981
942,Hi,Haney,hhaneyq5@tinypic.com,661-837-5331
943,Ianthe,Kneale,iknealeq6@upenn.edu,928-864-4381
944,Joey,Groundwater,jgroundwaterq7@stumbleupon.com,677-334-0193
945,Thaxter,Champness,tchampnessq8@desdev.cn,754-985-9146
946,Brittani,Aucutt,baucuttq9@last.fm,374-332-5477
947,Shelden,Scritch,sscritchqa@arstechnica.com,239-550-9727
948,Staci,Lailey,slaileyqb@ihg.com,149-757-5682
949,Daloris,Lydall,dlydallqc@redcross.org,332-590-4423
950,Obadiah,Tomankowski,otomankowskiqd@washington.edu,590-762-3592
951,Kirk,Danilchev,kdanilchevqe@ameblo.jp,812-838-3483
952,Eleen,Lurner,elurnerqf@earthlink.net,234-284-2321
953,Gypsy,Rominov,grominovqg@ameblo.jp,891-885-0232
954,Rubina,Furness,rfurnessqh@artisteer.com,651-401-1748
955,Kathi,Armistead,karmisteadqi@yelp.com,178-795-8029
956,Glennie,Klimuk,gklimukqj@mlb.com,814-708-6902
957,Trever,Chisnell,tchisnellqk@surveymonkey.com,513-303-8689
958,Domeniga,Oager,doagerql@1und1.de,613-112-8979
959,Anya,Crosham,acroshamqm@odnoklassniki.ru,535-605-8262
960,Netta,Hynes,nhynesqn@amazonaws.com,653-314-6168
961,Gwenny,McCluin,gmccluinqo@usa.gov,419-301-9028
962,Skipton,Mabee,smabeeqp@bbc.co.uk,320-637-8697
963,Bryant,Freiberg,bfreibergqq@edublogs.org,485-296-3086
964,James,Dengate,jdengateqr@ning.com,817-470-0861
965,Marianne,Rissom,mrissomqs@dot.gov,614-244-7533
966,Noby,Minett,nminettqt@cpanel.net,553-709-1005
967,Jo,Diche,jdichequ@reference.com,785-245-7610
968,Hammad,O'Fallon,hofallonqv@rediff.com,797-810-8448
969,Hobard,Gowman,hgowmanqw@stanford.edu,957-753-8075
970,Harper,Kassman,hkassmanqx@opera.com,520-695-6134
971,Torrin,Andreaccio,tandreaccioqy@canalblog.com,916-214-7138
972,Kit,Maxfield,kmaxfieldqz@cpanel.net,302-552-1576
973,Brad,Casarino,bcasarinor0@drupal.org,996-998-0691
974,Francesca,Wohlers,fwohlersr1@123-reg.co.uk,939-174-0603
975,Judy,Yurlov,jyurlovr2@prlog.org,374-755-5491
976,Keriann,Epdell,kepdellr3@posterous.com,643-451-8998
977,Hamel,Quartly,hquartlyr4@chronoengine.com,220-705-6697
978,Sonya,Cantle,scantler5@time.com,311-454-6186
979,Phineas,Mayte,pmayter6@toplist.cz,629-364-8567
980,Kimbra,Arpino,karpinor7@wix.com,996-513-9370
981,Burty,Greenfield,bgreenfieldr8@zimbio.com,543-204-1264
982,Abdul,Drakard,adrakardr9@cloudflare.com,599-283-6216
983,Joseito,Ricciardo,jricciardora@vimeo.com,690-323-9929
984,Ruttger,McNirlan,rmcnirlanrb@gravatar.com,425-171-4945
985,Tessi,Lethbrig,tlethbrigrc@eepurl.com,573-621-3883
986,Vilhelmina,Robillart,vrobillartrd@goo.gl,816-445-0275
987,Jon,Liddle,jliddlere@typepad.com,630-872-8578
988,Shawn,Karlmann,skarlmannrf@webeden.co.uk,614-442-2806
989,Laryssa,Iscowitz,liscowitzrg@fc2.com,645-360-6440
990,Jonis,Measor,jmeasorrh@digg.com,459-883-8727
991,Lisabeth,Jepson,ljepsonri@usatoday.com,802-646-8351
992,Noel,McCabe,nmccaberj@epa.gov,123-635-9418
993,Steve,Limpenny,slimpennyrk@unicef.org,268-504-5702
994,Shina,Michel,smichelrl@ycombinator.com,206-374-4606
995,Cordula,Motton,cmottonrm@reddit.com,730-121-6989
996,Gweneth,Brislane,gbrislanern@w3.org,913-453-5252
997,Daffie,Redgewell,dredgewellro@fda.gov,127-708-3921
998,Josie,Rassmann,jrassmannrp@wikia.com,727-149-8416
999,Laney,Poluzzi,lpoluzzirq@ft.com,810-274-4467
1000,Arron,Dumbrell,adumbrellrr@intel.com,926-653-3202
